{
"FCVGBB350":  "3.50",
"FCFLRB24M":  "11.99",
"FCO2BSH1300C890": "16.69",
"FCO2SIN300": "19.78",
"FCO2ON1GBIP":  "4.17",
"FCO2BUS500MBSP":  "5.00",
"FCO2BSH2KC1348": "16.69",
"FCO2SIN100": "15.77",
"FCO2OUTB27832C": "16.69",
"FCO2OUTB29365C": "16.69",
"FCO2OUTB28204P": "71.83",
"FCO2OUTS12004128": "43.97",
"FCO2BSHEXT5K": "207.87",
"FCO2OUTS1002064": "21.99",
"FCVG1GB":  "8.50",
"FCO2OUTB33004P": "213.06",
"FCO2OUTB33004C": "16.69",
"FCO2BSH5K548": "16.69",
"FCO2BSH1300C1389": "16.69",
"FCO24GON8GB": "42.27",
"FCVGPAYU3":  "3.00",
"FCHZPR":  "12.99",
"FCHZPRSUB3":  "44.85",
"FCHZM":  "12.99",
"FCVG750C1224":  "12.00",
"FC24M1299":  "12.99",
"FCO2BUSBISMR":  "20.00",
"FCHZPRSUB4":  "59.80",
"FCBUNBST":  "22.00",
"FCO24GSIN100": "15.77",
"FCVYDYFCSIMO5GB":  "24.00",
"FCHZCRMINT9":  "36.00",
"FCO2SIMOAR7503G":  "3.00",
"FCVFDYFC1GB2233":  "22.33",
"FCSIP5AC":  "5.00",
"FCSIP5X8":  "40.00",
"FCO2BSH13PDEC": "50.11",
"FCO2BS2KC589DEC": "16.69",
"FCO2BS20GBD3C":  "3.00",
"FCFBBO":  "0.00",
"FCEFM35550":  "355.50",
"FCO2BS2KC1289DEC": "16.69",
"FCO2ACAD100": "8.75",
"FCO2SOO8GBDEC": "25.22",
"FCVGMB3GB24":  "12.50",
"FCO2ON1GB3526": "37.56",
"FCO2OUTB28204C": "16.69",
"FCO2OUTB22744P": "222.73",
"FCO2ON2GBID20": "32.99",
"FCO2BSH5KP18640": "198.57",
"FCO2OUTS501548": "16.69",
"FCO2OUTBUS1GBI43":  "4.30",
"FCO2OUT5BDR18":  "18.00",
"FCO2BSH5KTXT": "51.97",
"FCO2MYEU12": "4.37",
"FCHZPRADD":  "0",
"FC02NSH2KC1148": "16.69",
"FC12M1299":  "12.99",
"FCO2BSH1300C548": "16.69",
"FCO24GSIN5001GB": "22.07",
"FCO2BUS3GBIP2096":  "20.96",
"FCVFDYFCSIMO":  "20.00",
"FCO230MBB2G1GB": "7.8",
"FCHZINT225":  "2.25",
"FCFLADSLA10":  "45.00",
"FCVFDYFCSIMO1750":  "17.50",
"FCO2SIMOBS2KCD7": "16.69",
"FCSIPAC":  "7.50",
"FCHZBASUB4":  "39.80",
"FCO2MBB4G3GB": "12.99",
"FCAPNBBBIS":  "0.00",
"FCHZFE10":  "10.00",
"FCO2BS2KC789DEC": "16.69",
"FCO2BS2KC1589DEC": "16.69",
"FCPAPERS1":  "3.50",
"FCO2MBB4G5GB": "17.33",
"FCO2MB2GB": "14.04",
"FCO2BSH1300P": "50.11",
"FCO24GON8GBSTD": "41.49",
"FCO2BSH5KP": "222.73",
"FCO2BSH2KC1248": "16.69",
"FCO2ON8GBSTDDEC": "42.04",
"FCO2ON1GBSTDEC": "33.29",
"FCO2OUTB22704C": "16.69",
"FCO2BUSUNLLL": "5.2",
"FCO2OUTBB2011": "13.27",
"FCO2BSHEXT10K": "415.74",
"FCO2OUTBF51238C": "16.69",
"FCVG8000C1224":  "12.00",
"FCO24GMB8": "21.65",
"FCO24GON1GB": "37.78",
"FCO2MYEUFOC":  "0.00",
"FCO2BSH2KC648": "16.69",
"FCHZBASUB1":  "9.95",
"FCO2BSH500C748": "16.69",
"FCO24GON2P3PRO": "37.78",
"FCO24G1GBBO":  "11.33",
"FCO2ZEST4SUSP":  "0.00",
"FCHZEXSUB3":  "59.85",
"FCHZPRSUB2":  "29.90",
"FCHZEXSUB2":  "39.90",
"FC024G3GBSP":  "14.17",
"FCO24GON1GB2850": "29.94",
"FCO2BUS100MBIP":  "2.50",
"FCO24G8GBSP":  "20.83",
"FCO2SIMO4GSIN500": "13.13",
"FCVFDY50MBROWD":  "10.00",
"FCFLSIPTRUNK":  "7.50",
"FCFFTTC3036":  "40.00",
"FCO2SIMO4GON5GB": "22.07",
"FCO2SIMOBS2KP": "53.51",
"FCFLSIPDDI":  "0.00",
"FCVFDY1000NGN":  "6.88",
"FCFLSIPMAIN":  "0.00",
"FCO2MBB4G20GB": "40.54",
"FCO2BUS2GBSP":  "15.00",
"FCGPAYU8":  "8.00",
"FCO2B2GBTU":  "16.27",
"FCO2BS5KC689DEC": "16.69",
"FCFFE":  "10.00",
"FCO24G5GBDEC":  "16.67",
"FCASURE5VF":  "40.00",
"FCHZINTX6150":  "9.00",
"FCHZPRSUB31450":  "139.50",
"FCO2MBB4G1GB": "8.66",
"FCO2BSH1300C1248": "16.69",
"FCO2BSHEXT1K": "41.57",
"FCO2BSH2KC": "16.69",
"FCO2BSH1300C": "16.69",
"FCO2OUTB22365C": "8.73",
"FCO2ON5GBSTDDEC": "37.64",
"FCO2ON1GB3956": "42.15",
"FCO2BUS500MBIP":  "5.00",
"FCO2BSH5KC1148": "16.69",
"FCO2OUTB21540C": "16.69",
"FCVG3000P24":  "120.00",
"FCO2OUTB2GB15":  "15.00",
"FCO2OUT100MBSF":  "0.00",
"FCO2OUTBUS1GBB43":  "4.30",
"FCO2OUTBUL2": "2.08",
"FCO24GON5GB45": "48.04",
"FCO2BBUS500": "15.6",
"FCHZBAADD":  "0.00",
"FCO2MB2GB1250": "12.99",
"FCO2SIN50780": "8.2",
"FCFLBBUN25":  "25.00",
"FCHZPRSUB1":  "14.95",
"FCHZPRSUB3450":  "13.50",
"FCO2SIMOBSH1300P": "30.27",
"FCMDNZEFM23550":  "235.50",
"FCVFDYMBB5GB":  "19.00",
"FCO2ALLRND7503G":  "5.00",
"FCO2SIMO4GON1GB": "19.97",
"FCSIP5X5":  "25.00",
"FCVFDYFCSP10GB45":  "45.00",
"FCO2BS5KC589DEC": "16.69",
"FCGMB1733":  "7.33",
"FCO2SOO11750DEC": "18.39",
"FCO2ON1GB3096": "33.42",
"FCO24GON5GBSTD": "37.64",
"FCO24GSIN500": "20.14",
"FCO24GMB3GBSTD": "14.72",
"FCO2BSH6KC956": "16.69",
"FCO2BSH500P": "27.85",
"FCO2SINMAX": "61.15",
"FCO2OUTB22365": "219.87",
"FCO2OUTB26715P": "77.96",
"FCO2OUTB22744C": "16.69",
"FCO2BSH500C": "16.69",
"FCO2OUTB500BDR":  "17.00",
"FCO2OUTBMR20":  "20.00",
"FCO2OUT5BMR28":  "28.00",
"FCO2BUS500MBTU":  "5.00",
"FCO2OUT50015":  "15.00",
"FCO2BSH1300C12": "16.69",
"FCCF1999":  "19.99",
"FCO2BSHEXT500": "24.94",
"FCVG8000P24":  "300.00",
"FCO2BSH500C1248": "16.69",
"FCVG21C1KT":  "10.00",
"FCO24G8GB":  "20.83",
"FCFLGAM36M":  "12.99",
"FCVG3GB":  "15.00",
"FCO2BUS500MBB2":  "5.00",
"FCO2BSH5KC889": "16.69",
"FCBUNBS":  "24.99",
"FCO24G8GBIP":  "20.83",
"FCDYFCSIMO2GB41":  "41.03",
"FCMDNXETF315":  "315.00",
"FCVG30MBEUD":  "9.00",
"FCO2MBB4G8GB": "21.65",
"FCFAX2EMAIL":  "10.00",
"FCO2SIMOW13G":  "5.00",
"FCO2BS5KPDEC": "222.73",
"FCO24G1GBDEC":  "8.33",
"FCO2BSH13C689DEC": "16.69",
"FCO2BS2KC689DEC": "16.69",
"FCO2BS5KC889DEC": "16.69",
"FCO2BS5KC1489DEC": "16.69",
"FCFGBBO":  "0.00",
"FCHZBASUB5":  "49.75",
"FCO2ON1GBSTDECB": "33.27",
"FCVFDYBES1GB":  "20.00",
"FCO2ON1GB3996": "42.57",
"FCO2BUSBES515":  "28.00",
"FCO2OUTB27832P": "219.87",
"FCO2OUTB29365P": "179.57",
"FCO2BS2KC1089DEC": "16.69",
"FCO2BUS1GBSP":  "8.33",
"FCO2SIN50": "12.6",
"FCO24GON1GBSTD": "33.07",
"FCVGBECO10":  "10.00",
"FCO2BSH2KC548": "16.69",
"FCO2OUTS6003096": "33.42",
"FCO2OUTB28487C": "16.69",
"FCO2BUS1GBBB":  "8.33",
"FCO2BUSBES520":  "20.00",
"FCO2MBEXT2GB":  "15.00",
"FCO2BSH1KTXT": "10.39",
"FCO2ON1GB2750DEC": "28.89",
"FCO2BHS5KC648": "16.69",
"FCO2BSHUTXT": "6.75",
"FCHZEXADD":  "0.00",
"FCO2PB":  "1.00",
"FCVG2000P24":  "80.00",
"FCVG2000C1224":  "12.00",
"FCO24GMB5": "14.69",
"FCBSH1300848": "16.69",
"FCO2BSH1300C748": "16.69",
"FCHZ3KMB":  "30.00",
"FCO24G1GBIP":  "11.33",
"FCHZEXSUB15":  "299.25",
"FCO2BSH5KC1089": "16.69",
"FCHZEXSUB5":  "99.75",
"FCHZDC225":  "2.25",
"FCHZCQ225":  "2.25",
"FCHZEXSUB901495":  "1345.00",
"FCO2BSH2KTXTBO2": "20.79",
"FCHZPRSUB15":  "224.25",
"FCHZ1000ADMOB":  "10.00",
"FCROUTDEL":  "10.00",
"FCO2BSH2KC948": "16.69",
"FCO2BSH5KC989": "16.69",
"FCVFDYFCSIMO2GB":  "21.00",
"FCVFDYMBB1GB850":  "8.50",
"FCSIP5X6":  "30.00",
"FCO2BS5KC789DEC": "16.69",
"FCO24G8GBDEC":  "20.83",
"FCO2BS6KC10DEC": "10.39",
"FCO2BS20GBDP":  "160.00",
"FCFBBU2P":  "61.48",
"FCFBB2P":  "31.48",
"FCPAPERM1":  "3.50",
"FCO2BSH13C1589DE": "16.69",
"FCFFTTC5024":  "50.00",
"FCO230BUSSIN500": "23.12",
"FCO2SIN600": "26.08",
"FCO2MBEXT1GB":  "8.33",
"FCO2BSH6KP956": "10.39",
"FCO2BUS500MBBB":  "5.00",
"FCO2BSH2KP": "89.09",
"FCO2BUS1GBIP":  "8.33",
"FCO2BSH5KC": "16.69",
"FCO2OUTS3002580": "27.85",
"FCO2OUTB21540P": "176.97",
"FCVG3000C24":  "15.00",
"FCO2OUTMB3GB1064": "11.21",
"FCO2BSH5KP19940": "212.41",
"FCO24GMB8GBSTD": "21.65",
"FCO2OUT5BMR15":  "15.00",
"FCO2OUT5LBF851":  "8.51",
"FCO2OUTMYEU12": "4.36",
"FCO2OUTBULF":  "0.00",
"FCO2OUTUNUKD48":  "48.00",
"FCO2OUTB29845P": "70.91",
"FCO2BUSBES528":  "28.00",
"FCO2BSH2KC1089": "16.69",
"FCO24GON5GB3917": "41.81",
"FCFGBBUN25":  "25.00",
"FCVG750P24":  "35.00",
"FCO2ON2GB3526": "38.05",
"FCO24GON1GB2750": "28.89",
"FCO24G3GBBO":  "14.17",
"FCO2DO3277": "34.06",
"FCO2ON2GB3995": "43.11",
"FCO2BSH2KTXT": "20.79",
"FCO24GON1GBSIMO": "21.01",
"FCFIN10":  "10.00",
"FCO2BSH1300C1189": "16.69",
"FCVGDRROW10":  "15.00",
"FCHZPRSUB2450":  "9.00",
"FCO2MYEUMON851": "8.73",
"FCHZPRSUB10":  "149.50",
"FCLEASEL423":  "423.00",
"FCO2SIMOBS13KCD7": "16.69",
"FCHZEXSUB10":  "199.50",
"FCVFDYFCSIMO10GB":  "27.00",
"FCHZBASUB3":  "29.85",
"FCVFDYFCSP10GB":  "25.00",
"FCVFDYMBB40GB":  "60.00",
"FCSIP5X4":  "20.00",
"FCO230MBB4G3GB": "16.63",
"FCO2BSH1300C648": "16.69",
"FCO24G2GBDEC":  "10.83",
"FCO2BSH5KTXTBO2": "51.97",
"FCO2BSH13C889DEC": "16.69",
"FCO2BSH13C789DEC": "16.69",
"FCHZBASUB2":  "19.90",
"FCHZSFT225X2":  "5.00",
"FCO2BSH1300P890": "9.5",
"FCO2BUSINTFAV5": "17.33",
"FCO2ON1GBSP":  "4.17",
"FCO2MB1GB": "7.8",
"FCO2BSH5001189": "16.69",
"FCO2OUTB29845C": "16.69",
"FCO2OUTB26715C": "16.69",
"FCO2BS2KPDEC": "89.1",
"FCO2BSH2KC748": "16.69",
"FCO2SIMOBS13KCD6": "7.05",
"FCVGBECFOC":  "0.00",
"FCO2OUTB28487P": "126.97",
"FCO2OUTS3001GB": "27.49",
"FCO2BUSINTFAV": "4.33",
"FCO2OUT5BMR17":  "17.00",
"FCO2BUS1GBTU":  "8.33",
"FCO2BSH5KC1248": "16.69",
"FCVG500S24":  "30.00",
"FCVG500T":  "5.00",
"FCO2BSH5KC1348": "16.69",
"FCO2BUS3GBIP":  "22.50",
"FCVG500MB":  "5.00",
"FCO2BUS100MBSP":  "2.50",
"FCO2BSH5KC748": "16.69",
"FCFLADSLA5":  "40.00",
"FCO2ON1GBBB":  "4.17",
"FCHZEX":  "12.99",
"FCHZMNP":  "0.00",
"FC02BUS1GBIP10":  "10.00",
"FCO2BSH1300C1048": "16.69",
"FCO2BUS1GB2":  "8.33",
"FCHZEXSUB1":  "19.95",
"FCGPAYU3":  "9.50",
"FCHZPRSUB5":  "74.75",
"FCO24G3GBIP":  "14.17",
"FCO24GON8GB4999": "52.53",
"FCO24G1GBSP":  "11.33",
"FCFLBUSUN":  "12.00",
"FC36M1299":  "12.99",
"FCFLBUSANY500":  "5.00",
"FCBSP917": "9.41",
"FCGULT2GB":  "24.00",
"FCO24G2GBTU":  "12.50",
"FCHZBASUB55":  "547.25",
"FCFLBBAM":  "37.50",
"FCO2SIMO4GON1G17": "18.39",
"FCO2WORKS3G":  "8.33",
"FCFBAM500":  "13.50",
"FCHZNOASS":  "1.50",
"FCVFDYMBB2GB":  "12.50",
"FCZESTVHOLD589": "6.43",
"FCO24GON5GB2750": "28.89",
"FCO2BS5KC1089DEC": "16.69",
"FCVFDYFCND":  "14.00",
"FCHZSFT225X3":  "6.75",
"FCO2ON2GB2750D": "28.89",
"FCO2BS5KC1589DEC": "16.69",
"FCO24G500MBDEC":  "5.00",
"FCO2MBB4G5GB1750": "18.19",
"FCO2SBIZ6GB": "36.38",
"FCVFDYMBB10GB":  "25.00",
"FCO2NONDD":  "0.00",
"FCO2SBIZ2GB28": "29.1",
"FCMDMO2":  "4.50",
"FCO2BRC2KP": "89.1",
"FCO2BRC2KC706": "16.69",
"FCO2SBIZ2GB": "25.99",
"FCO2SIMOSBIZ2GB": "16.42",
"FCO2BS50GBDP":  "400.00",
"FCO2BS50GBDC2":  "2.00",
"FCO2BS10K727C": "16.69",
"FCO2SOSBIZ20166G": "23.6",
"FCO2SB3GB": "29.75",
"FCO2SBIZ20162GB": "26.16",
"FCO2BS500060PC": "16.69",
"FCO2BS500050PC": "16.69",
"FCO2SBIZ20166GB": "36.42",
"FCO2MBB4G3GB13": "13.51",
"FCO2SOMBB4G3GBA1": "13.34",
"FCO2SB8GB": "37.45",
"FCO2SBIZ2GB2550": "10.26",
"FCDYFC5GBBESPOKE":  "21.00",
"TCO2WESTGROVE": "16.06"}
